,84000 ID,84000 name,possible BDRC matches
0,eft:palgyi-lh-npo,Palgyi Lhünpo,{}
1,eft:sarvajnadeva,Sarvajñādeva,{}
2,eft:vidyakaraprabha,Vidyākaraprabha,{}
3,eft:dharmakara,Dharmākara,{}
4,eft:paltsek,Paltsek,{}
5,eft:palgyi-lh-npo,Palgyi Lhünpo,{}
6,eft:sarvajnadeva,Sarvajñādeva,{}
7,eft:vidyakaraprabha,Vidyākaraprabha,{}
8,eft:dharmakara,Dharmākara,{}
9,eft:paltsek,Paltsek,{}
10,eft:sarvanyadeva,sarvanyadeva,"{'P8211': ['rgya gar gyi mkhan po bid+yA ka ra pra b+ha', 'bid+yA ka ra pra b+hA/', 'vidyākaraprabha'], 'P00KG07267': [""kha che'i mkhan po sarba dz+nyA de ba"", 'sarba dz+nyA de ba/', 'sarvajñādeva'], 'P8249': ['d+harmA ka ra', 'd+harma ka ra/', 'dharmakara,Dharmākaramati'], 'P4259': ['lo ts+tsha ba ban de dpal gyi lhun po', 'dpal gyi lhun po/'], 'P8182': ['zhu chen gyi lo ts+tsha ba ban de dpal brtsegs', 'ka ba dpal brtsegs/'], nan: [""snga zhus kun dga'o shAkya dpal/_/gnyis kyis ma dag dri ma bsal/_/gsum zhus mkhas pa snar thang dpon slob pas/_/sa yi steng 'dir legs par dag bgyis so""]}"
11,eft:vidyakaraprabha,vidyakaraprabha,"{'P8211': ['rgya gar gyi mkhan po bid+yA ka ra pra b+ha', 'bid+yA ka ra pra b+hA/', 'vidyākaraprabha'], 'P00KG07267': [""kha che'i mkhan po sarba dz+nyA de ba"", 'sarba dz+nyA de ba/', 'sarvajñādeva'], 'P8249': ['d+harmA ka ra', 'd+harma ka ra/', 'dharmakara,Dharmākaramati'], 'P4259': ['lo ts+tsha ba ban de dpal gyi lhun po', 'dpal gyi lhun po/'], 'P8182': ['zhu chen gyi lo ts+tsha ba ban de dpal brtsegs', 'ka ba dpal brtsegs/'], nan: [""snga zhus kun dga'o shAkya dpal/_/gnyis kyis ma dag dri ma bsal/_/gsum zhus mkhas pa snar thang dpon slob pas/_/sa yi steng 'dir legs par dag bgyis so""]}"
12,eft:bidyakaraprabha,bidyakaraprabha,"{'P8211': ['rgya gar gyi mkhan po bid+yA ka ra pra b+ha', 'bid+yA ka ra pra b+hA/', 'vidyākaraprabha'], 'P00KG07267': [""kha che'i mkhan po sarba dz+nyA de ba"", 'sarba dz+nyA de ba/', 'sarvajñādeva'], 'P8249': ['d+harmA ka ra', 'd+harma ka ra/', 'dharmakara,Dharmākaramati'], 'P4259': ['lo ts+tsha ba ban de dpal gyi lhun po', 'dpal gyi lhun po/'], 'P8182': ['zhu chen gyi lo ts+tsha ba ban de dpal brtsegs', 'ka ba dpal brtsegs/'], nan: [""snga zhus kun dga'o shAkya dpal/_/gnyis kyis ma dag dri ma bsal/_/gsum zhus mkhas pa snar thang dpon slob pas/_/sa yi steng 'dir legs par dag bgyis so""]}"
13,eft:vidyakaraprabha,vidyakaraprabha,"{'P8211': ['rgya gar gyi mkhan po bid+yA ka ra pra b+ha', 'bid+yA ka ra pra b+hA/', 'vidyākaraprabha'], nan: ['d+har+m+ma shrI pra b+ha'], 'P4258': [""lots+tsha ba ban de dpal 'byor"", ""dpal 'byor/""]}"
14,eft:dharmasribhadra,dharmasribhadra,"{'P8211': ['rgya gar gyi mkhan po bid+yA ka ra pra b+ha', 'bid+yA ka ra pra b+hA/', 'vidyākaraprabha'], nan: ['d+har+m+ma shrI pra b+ha'], 'P4258': [""lots+tsha ba ban de dpal 'byor"", ""dpal 'byor/""]}"
15,eft:jinamitra,Jinamitra,"{'P8205': ['zhu chen gyi lots+tsha ba ban de ye shes sde', 'ye shes sde/']}"
16,eft:prajnavarman,Prajñāvarman,"{'P8205': ['zhu chen gyi lots+tsha ba ban de ye shes sde', 'ye shes sde/']}"
17,eft:yesh-d-,Yeshé Dé,"{'P8205': ['zhu chen gyi lots+tsha ba ban de ye shes sde', 'ye shes sde/']}"
18,eft:sakyasena,sakyasena,"{'P8213': ['rgya gar gyi mkhan po bid+yA ka ra sing ha', 'bIr+ya ka ra sing+ha/', 'vīryakarasiṁha,vīryasiṁha'], 'P8182': ['zhu chen gyi lots+tsha ba ban de dpal brtsegs', 'ka ba dpal brtsegs/']}"
19,eft:jnanasiddhi,jnanasiddhi,"{'P8213': ['rgya gar gyi mkhan po bid+yA ka ra sing ha', 'bIr+ya ka ra sing+ha/', 'vīryakarasiṁha,vīryasiṁha'], 'P8182': ['zhu chen gyi lots+tsha ba ban de dpal brtsegs', 'ka ba dpal brtsegs/']}"
20,eft:dharmatasila,dharmatasila,"{'P8213': ['rgya gar gyi mkhan po bid+yA ka ra sing ha', 'bIr+ya ka ra sing+ha/', 'vīryakarasiṁha,vīryasiṁha'], 'P8182': ['zhu chen gyi lots+tsha ba ban de dpal brtsegs', 'ka ba dpal brtsegs/']}"
21,eft:subhasita,subhasita,"{'P8213': ['rgya gar gyi mkhan po bid+yA ka ra sing ha', 'bIr+ya ka ra sing+ha/', 'vīryakarasiṁha,vīryasiṁha'], 'P8182': ['zhu chen gyi lots+tsha ba ban de dpal brtsegs', 'ka ba dpal brtsegs/']}"
22,eft:rin-chen-bzang-po,rin chen bzang po,"{'P8213': ['rgya gar gyi mkhan po bid+yA ka ra sing ha', 'bIr+ya ka ra sing+ha/', 'vīryakarasiṁha,vīryasiṁha'], 'P8182': ['zhu chen gyi lots+tsha ba ban de dpal brtsegs', 'ka ba dpal brtsegs/']}"
23,eft:dipamkarasrijnana,dipamkarasrijnana,"{'P8213': ['rgya gar gyi mkhan po bid+yA ka ra sing ha', 'bIr+ya ka ra sing+ha/', 'vīryakarasiṁha,vīryasiṁha'], 'P8182': ['zhu chen gyi lots+tsha ba ban de dpal brtsegs', 'ka ba dpal brtsegs/']}"
24,eft:rin-chen-bzag-po,rin chen bzag po,"{'P8213': ['rgya gar gyi mkhan po bid+yA ka ra sing ha', 'bIr+ya ka ra sing+ha/', 'vīryakarasiṁha,vīryasiṁha'], 'P8182': ['zhu chen gyi lots+tsha ba ban de dpal brtsegs', 'ka ba dpal brtsegs/']}"
25,eft:dipamkarasrijnana,dipamkarasrijnana,"{'P8213': ['rgya gar gyi mkhan po bid+yA ka ra sing ha', 'bIr+ya ka ra sing+ha/', 'vīryakarasiṁha,vīryasiṁha'], 'P8182': ['zhu chen gyi lots+tsha ba ban de dpal brtsegs', 'ka ba dpal brtsegs/']}"
26,eft:-brom-rgyal-ba-i-byung-gnas,'brom rgyal ba'i 'byung gnas,"{'P8213': ['rgya gar gyi mkhan po bid+yA ka ra sing ha', 'bIr+ya ka ra sing+ha/', 'vīryakarasiṁha,vīryasiṁha'], 'P8182': ['zhu chen gyi lots+tsha ba ban de dpal brtsegs', 'ka ba dpal brtsegs/']}"
27,eft:-brom,'brom,"{'P8213': ['rgya gar gyi mkhan po bid+yA ka ra sing ha', 'bIr+ya ka ra sing+ha/', 'vīryakarasiṁha,vīryasiṁha'], 'P8182': ['zhu chen gyi lots+tsha ba ban de dpal brtsegs', 'ka ba dpal brtsegs/']}"
28,eft:blo-ldan-shes-rab,blo ldan shes rab,"{'P8213': ['rgya gar gyi mkhan po bid+yA ka ra sing ha', 'bIr+ya ka ra sing+ha/', 'vīryakarasiṁha,vīryasiṁha'], 'P8182': ['zhu chen gyi lots+tsha ba ban de dpal brtsegs', 'ka ba dpal brtsegs/']}"
29,eft:sakyasena,sakyasena,"{'P1KG8854': ['rgya gar gyi mkhan po shI len dra bo d+hi', 'shI len+dra bo d+hi/', 'śīlendrabodhi'], 'P8209': ['dzi na mi tra', 'slob dpon dzi na mi tra/', 'jinamitra'], 'P8205': ['zhu chen gyi lots+tsha ba ban de ye shes sde', 'ye shes sde/']}"
30,eft:jnanasiddhi,jnanasiddhi,"{'P1KG8854': ['rgya gar gyi mkhan po shI len dra bo d+hi', 'shI len+dra bo d+hi/', 'śīlendrabodhi'], 'P8209': ['dzi na mi tra', 'slob dpon dzi na mi tra/', 'jinamitra'], 'P8205': ['zhu chen gyi lots+tsha ba ban de ye shes sde', 'ye shes sde/']}"
31,eft:dharmatasila,dharmatasila,"{'P1KG8854': ['rgya gar gyi mkhan po shI len dra bo d+hi', 'shI len+dra bo d+hi/', 'śīlendrabodhi'], 'P8209': ['dzi na mi tra', 'slob dpon dzi na mi tra/', 'jinamitra'], 'P8205': ['zhu chen gyi lots+tsha ba ban de ye shes sde', 'ye shes sde/']}"
32,eft:subhasita,subhasita,"{'P1KG8854': ['rgya gar gyi mkhan po shI len dra bo d+hi', 'shI len+dra bo d+hi/', 'śīlendrabodhi'], 'P8209': ['dzi na mi tra', 'slob dpon dzi na mi tra/', 'jinamitra'], 'P8205': ['zhu chen gyi lots+tsha ba ban de ye shes sde', 'ye shes sde/']}"
33,eft:rin-chen-bzang-po,rin chen bzang po,"{'P1KG8854': ['rgya gar gyi mkhan po shI len dra bo d+hi', 'shI len+dra bo d+hi/', 'śīlendrabodhi'], 'P8209': ['dzi na mi tra', 'slob dpon dzi na mi tra/', 'jinamitra'], 'P8205': ['zhu chen gyi lots+tsha ba ban de ye shes sde', 'ye shes sde/']}"
34,eft:dipamkarasrijnana,dipamkarasrijnana,"{'P1KG8854': ['rgya gar gyi mkhan po shI len dra bo d+hi', 'shI len+dra bo d+hi/', 'śīlendrabodhi'], 'P8209': ['dzi na mi tra', 'slob dpon dzi na mi tra/', 'jinamitra'], 'P8205': ['zhu chen gyi lots+tsha ba ban de ye shes sde', 'ye shes sde/']}"
35,eft:rin-chen-bzag-po,rin chen bzag po,"{'P1KG8854': ['rgya gar gyi mkhan po shI len dra bo d+hi', 'shI len+dra bo d+hi/', 'śīlendrabodhi'], 'P8209': ['dzi na mi tra', 'slob dpon dzi na mi tra/', 'jinamitra'], 'P8205': ['zhu chen gyi lots+tsha ba ban de ye shes sde', 'ye shes sde/']}"
36,eft:dipamkarasrijnana,dipamkarasrijnana,"{'P1KG8854': ['rgya gar gyi mkhan po shI len dra bo d+hi', 'shI len+dra bo d+hi/', 'śīlendrabodhi'], 'P8209': ['dzi na mi tra', 'slob dpon dzi na mi tra/', 'jinamitra'], 'P8205': ['zhu chen gyi lots+tsha ba ban de ye shes sde', 'ye shes sde/']}"
37,eft:-brom-rgyal-ba-i-byung-gnas,'brom rgyal ba'i 'byung gnas,"{'P1KG8854': ['rgya gar gyi mkhan po shI len dra bo d+hi', 'shI len+dra bo d+hi/', 'śīlendrabodhi'], 'P8209': ['dzi na mi tra', 'slob dpon dzi na mi tra/', 'jinamitra'], 'P8205': ['zhu chen gyi lots+tsha ba ban de ye shes sde', 'ye shes sde/']}"
38,eft:-brom,'brom,"{'P1KG8854': ['rgya gar gyi mkhan po shI len dra bo d+hi', 'shI len+dra bo d+hi/', 'śīlendrabodhi'], 'P8209': ['dzi na mi tra', 'slob dpon dzi na mi tra/', 'jinamitra'], 'P8205': ['zhu chen gyi lots+tsha ba ban de ye shes sde', 'ye shes sde/']}"
39,eft:blo-ldan-shes-rab,blo ldan shes rab,"{'P1KG8854': ['rgya gar gyi mkhan po shI len dra bo d+hi', 'shI len+dra bo d+hi/', 'śīlendrabodhi'], 'P8209': ['dzi na mi tra', 'slob dpon dzi na mi tra/', 'jinamitra'], 'P8205': ['zhu chen gyi lots+tsha ba ban de ye shes sde', 'ye shes sde/']}"
40,eft:anandasri-s-,anandasri (s),"{'P2147': [""lo ts+tsha ba shAkya'i dge slong nyi ma rgyal mtshan"", 'nyi ma rgyal mtshan/'], nan: ['gtsug lag khang chen po dpal thar pa gling du bsgyur cing zhus te gtan la phab pa']}"
41,eft:anandasri-s-,anandasri (s),"{nan: [""gtsug lag khang chen po dpal thar pa gling du bsgyur cing zhus te gtan la phab pa'o""]}"
42,eft:kawa-paltsek-under-the-name-paltsek-raksita-,Kawa Paltsek (under the name Paltsek Rakṣita),"{'P8228': ['rgya gar gyi mkhan po su ren dra bo d+hi', 'lha dbang byang chub', 'surendrabodhi'], 'P8182': ['zhu chen gyi lo tsa ba ban de dpal brtsegs rak+Shi ta', 'ka ba dpal brtsegs/']}"
43,eft:yesh-d-,Yeshé Dé,"{'P8209': ['rgya gar gyi mkhan po dzi na mi tra', 'slob dpon dzi na mi tra/', 'jinamitra'], 'P8228': ['su ren dra bo d+hi', 'lha dbang byang chub', 'surendrabodhi'], 'P8205': ['zhu chen gyi lo ts+tsha ba ban de ye shes sde', 'ye shes sde/']}"
44,eft:yesh-d-,Yeshé Dé,"{'P8209': ['rgya gar gyi mkhan po dzi na mi tra', 'slob dpon dzi na mi tra/', 'jinamitra'], 'P8228': ['su ren dra bo d+hi', 'lha dbang byang chub', 'surendrabodhi'], 'P8205': ['zhu chen gyi lo ts+tsha ba ban de ye shes sde', 'ye shes sde/']}"
45,eft:band-yesh-d-,Bandé Yeshé Dé,"{'P8209': ['rgya gar gyi mkhan po dzi na mi tra', 'slob dpon dzi na mi tra/', 'jinamitra'], 'P8228': ['su ren dra bo d+hi', 'lha dbang byang chub', 'surendrabodhi'], 'P8205': ['zhu chen gyi lo ts+tsha ba ban de ye shes sde', 'ye shes sde/']}"
46,eft:yesh-d-,Yeshé Dé,"{'P8210': ['rgya gar gyi mkhan po dA na shrI la', 'dA na shI la/', 'dānaśīla'], 'P8209': ['dzi na mi tra', 'slob dpon dzi na mi tra/', 'jinamitra'], 'P8205': ['zhu chen gyi lo ts+tsha ba ban de ye shes sde', 'ye shes sde/']}"
47,eft:yesh-d-,Yeshé Dé,"{'P8209': ['rgya gar gyi mkhan po dzi na mi tra', 'slob dpon dzi na mi tra/', 'jinamitra'], 'P2548': ['pra dz+nya bar ma', 'shes rab go cha/', 'prajñāvarman'], 'P8205': ['zhu chen gyi lo ts+tsha ba ban de ye shes sde', 'ye shes sde/']}"
48,eft:yesh-d-,Yeshé Dé,"{'P8209': ['rgya gar gyi mkhan po dzi na mi tra', 'slob dpon dzi na mi tra/', 'jinamitra'], 'P8228': ['su ren dra bo d+hi', 'lha dbang byang chub', 'surendrabodhi'], 'P8205': ['zhu chen gyi lots+tsha ba ban de ye shes sde', 'ye shes sde/']}"
49,eft:g-ch-drup,Gö Chödrup,{}
50,eft:yesh-d-,Yeshé Dé,"{'P8209': ['rgya gar gyi mkhan po dzi na mi tra', 'slob dpon dzi na mi tra/', 'jinamitra'], 'P8228': ['su ren dra bo d+hi', 'lha dbang byang chub', 'surendrabodhi'], 'P8205': ['zhu chen gyi lots+tsha ba ban de ye shes sde', 'ye shes sde/']}"
51,eft:danasila,Danaśila,"{'P8209': ['rgya gar gyi mkhan po dzi na mi tra', 'slob dpon dzi na mi tra/', 'jinamitra'], 'P3214': ['dA na shI la', 'dA na shI la/', 'dānaśīla'], 'P8205': ['zhu chen gyi lots+tsha ba ban de ye shes sde', 'ye shes sde/']}"
52,eft:yesh-d-,Yeshé Dé,"{'P8209': ['rgya gar gyi mkhan po dzi na mi tra', 'slob dpon dzi na mi tra/', 'jinamitra'], 'P3214': ['dA na shI la', 'dA na shI la/', 'dānaśīla'], 'P8205': ['zhu chen gyi lots+tsha ba ban de ye shes sde', 'ye shes sde/']}"
53,eft:t-vidyakarasimha,t. Vidyākarasiṃha,"{'P8213': ['rgya gar gyi mkhan po bid+yA ka ra sing ha', 'bIr+ya ka ra sing+ha/', 'vīryakarasiṁha,vīryasiṁha'], 'P8260': ['lots+tsha ba ban de dpal gyi dbyangs', 'dpal dbyangs/'], 'P8182': ['zhu chen gyi lots+tsha ba ban de dpal brtsegs', 'ka ba dpal brtsegs/']}"
54,eft:ska-ba-dpal-brtsegs,ska ba dpal brtsegs,"{'P8213': ['rgya gar gyi mkhan po bid+yA ka ra sing ha', 'bIr+ya ka ra sing+ha/', 'vīryakarasiṁha,vīryasiṁha'], 'P8260': ['lots+tsha ba ban de dpal gyi dbyangs', 'dpal dbyangs/'], 'P8182': ['zhu chen gyi lots+tsha ba ban de dpal brtsegs', 'ka ba dpal brtsegs/']}"
55,eft:yesh-d-,Yeshé Dé,"{'P8209': ['rgya gar gyi mkhan po dzi na mi tra', 'slob dpon dzi na mi tra/', 'jinamitra'], 'P3214': ['dA na shI la', 'dA na shI la/', 'dānaśīla'], 'P8261': ['mu ni bar ma', 'munivarman'], 'P8205': ['zhu chen gyi lots+tsha ba ban de ye shes sde', 'ye shes sde/']}"
56,eft:yesh-d-,Yeshé Dé,"{'P8228': ['rgya gar gyi mkhan po su ren dra bo d+hi', 'lha dbang byang chub', 'surendrabodhi'], 'P8205': ['zhu chen gyi lots+tsha ba ban de ye shes sde', 'ye shes sde/']}"
57,eft:yesh-d-,Yeshé Dé,"{'P1KG8854': ['rgya gar gyi mkhan po shI len dra bo d+hi', 'shI len+dra bo d+hi/', 'śīlendrabodhi'], 'P8209': ['dzi na mi tra', 'slob dpon dzi na mi tra/', 'jinamitra'], 'P8205': ['zhu chen gyi lots+tsha ba ban de ye shes sde', 'ye shes sde/']}"
58,eft:yesh-nyingpo,Yeshé Nyingpo,"{'P2548': ['rgya gar gyi mkhan po pradz+nyA bar ma', 'shes rab go cha/', 'prajñāvarman'], 'P4255': ['lots+tsha ba ban de ye shes snying po', 'ye shes snying po/'], 'P8182': ['zhu chen gyi lots+tsha ba ban de dpal brtsegs', 'ka ba dpal brtsegs/']}"
59,eft:band-yesh-d-,Bandé Yeshé Dé,"{'P8228': ['rgya gar gyi mkhan po su ren dra bo d+hi', 'lha dbang byang chub', 'surendrabodhi'], 'P8205': ['zhu chen gyi lots+tsha ba ban de ye shes sde', 'ye shes sde/']}"
60,eft:leki-d-,Leki Dé,"{'P2548': ['rgya gar gyi mkhan po pradz+nyA warma', 'shes rab go cha/', 'prajñāvarman'], 'P8263': ['lo ts+tsha ba ban de legs kyi sde', 'legs kyi sde/'], 'P8205': ['zhu chen gyi lo ts+tsha ba ban de ye shes sde', 'ye shes sde/']}"
61,eft:jnanagarbha,Jñānagarbha,"{'P2548': ['rgya gar gyi mkhan po pradz+nyA warma', 'shes rab go cha/', 'prajñāvarman'], 'P8263': ['lo ts+tsha ba ban de legs kyi sde', 'legs kyi sde/'], 'P8205': ['zhu chen gyi lo ts+tsha ba ban de ye shes sde', 'ye shes sde/']}"
62,eft:yesh-d-,Yeshé Dé,"{'P2548': ['rgya gar gyi mkhan po pradz+nyA warma', 'shes rab go cha/', 'prajñāvarman'], 'P8263': ['lo ts+tsha ba ban de legs kyi sde', 'legs kyi sde/'], 'P8205': ['zhu chen gyi lo ts+tsha ba ban de ye shes sde', 'ye shes sde/']}"
63,eft:surendrabodhi,Surendrabodhi,"{'P8209': ['rgya gar gyi mkhan po dzi na mi tra', 'slob dpon dzi na mi tra/', 'jinamitra'], 'P1KG8854': ['shI len dra bo d+hi', 'shI len+dra bo d+hi/', 'śīlendrabodhi'], 'P8205': ['zhu chen gyi lots+tsha ba _ban de ye shes sde', 'ye shes sde/']}"
64,eft:yesh-de,Yeshé De,"{'P8209': ['rgya gar gyi mkhan po dzi na mi tra', 'slob dpon dzi na mi tra/', 'jinamitra'], 'P1KG8854': ['shI len dra bo d+hi', 'shI len+dra bo d+hi/', 'śīlendrabodhi'], 'P8205': ['zhu chen gyi lots+tsha ba _ban de ye shes sde', 'ye shes sde/']}"
65,eft:yesh-d-ye-shes-sde-,Yeshé Dé (ye shes sde),"{'P3214': ['rgya gar gyi mkhan po dA na shI la', 'dA na shI la/', 'dānaśīla'], 'P8205': ['zhu chen gyi lo tsA ba _ban de ye shes sde', 'ye shes sde/']}"
66,eft:yesh-d-,Yeshé Dé,"{'P8209': ['rgya gar gyi mkhan po dzi na mi tra', 'slob dpon dzi na mi tra/', 'jinamitra'], 'P3214': ['dA na shI la', 'dA na shI la/', 'dānaśīla'], 'P8205': ['zhu chen gyi lo tsA ba _ban de ye shes sde', 'ye shes sde/']}"
67,eft:wang-phab-zhwun-wang-phan-zhun-,wang phab zhwun (wang phan zhun),{}
68,eft:dge-ba-i-blo-gros,dge ba'i blo gros,{}
69,eft:rgya-mtsho-i-sde,rgya mtsho'i sde,{}
70,eft:unknown,Unknown,{}
71,eft:jinamitra,Jinamitra,"{'P8205': ['zhu chen gyi lo tsA ba ban de ye shes sde', 'ye shes sde/']}"
72,eft:surendrabodhi,Surendrabodhi,"{'P8205': ['zhu chen gyi lo tsA ba ban de ye shes sde', 'ye shes sde/']}"
73,eft:yesh-d-,Yeshé Dé,"{'P8205': ['zhu chen gyi lo tsA ba ban de ye shes sde', 'ye shes sde/']}"
74,eft:srilendrabodhi,Śrīlendrabodhi,"{'P1KG8854': ['rgya gar gyi mkhan po shI len dra bo d+hi', 'shI len+dra bo d+hi/', 'śīlendrabodhi'], 'P8266': ['zhu chen gyi lots+tsha ba ban de d+harma tA shI la', 'chos nyid tshul khrims', 'Dharmatāśīla']}"
75,eft:lotsawa-band-dharmatasila,Lotsawa Bandé Dharmatāśīla,"{'P1KG8854': ['rgya gar gyi mkhan po shI len dra bo d+hi', 'shI len+dra bo d+hi/', 'śīlendrabodhi'], 'P8266': ['zhu chen gyi lots+tsha ba ban de d+harma tA shI la', 'chos nyid tshul khrims', 'Dharmatāśīla']}"
76,eft:yesh-d-,Yeshé Dé,"{'P8209': ['rgya gar gyi mkhan po dzi na mi tra', 'slob dpon dzi na mi tra/', 'jinamitra'], 'P3214': ['dA na shI la', 'dA na shI la/', 'dānaśīla'], 'P8205': ['zhu chen gyi lo ts+tsha ba ban de ye shes sde', 'ye shes sde/']}"
77,eft:band-yesh-d-,Bandé Yeshé Dé,"{'P8228': ['rgya gar gyi mkhan po su ren dra bo d+hi', 'lha dbang byang chub', 'surendrabodhi'], 'P8205': ['zhu chen gyi lots+tsha ba ban de ye shes sde', 'ye shes sde/']}"
78,eft:yesh-d-,Yeshé Dé,"{'P8209': ['rgya gar gyi mkhan po dzi na mi tra', 'slob dpon dzi na mi tra/', 'jinamitra'], 'P8261': ['mu ni warma', 'munivarman'], 'P3214': ['dA na shI la', 'dA na shI la/', 'dānaśīla'], 'P8205': ['zhu chen gyi lots+tsha ba ban de ye shes sde', 'ye shes sde/']}"
79,eft:band-yesh-d-,Bandé Yeshé Dé,"{'P2548': ['rgya gar gyi mkhan po pra dz+nya warma', 'shes rab go cha/', 'prajñāvarman'], 'P1KG8854': ['shI len dra bo d+hi', 'shI len+dra bo d+hi/', 'śīlendrabodhi'], 'P8205': ['zhu chen gyi lo tsA ba ban de ye shes sde', 'ye shes sde/']}"
80,eft:silendrabodhi,Śilendrabodhi,"{'P8205': ['zhu chen gyi lo ts+tsha ba ban+de ye shes sde', 'ye shes sde/']}"
81,eft:yesh-d-,Yeshé Dé,"{'P8205': ['zhu chen gyi lo ts+tsha ba ban+de ye shes sde', 'ye shes sde/']}"
82,eft:yesh-d-,Yeshé Dé,"{'P8205': ['zhu chen gyi lots+tsha ba ban de ye shes sde', 'ye shes sde/']}"
83,eft:jinamitra,Jinamitra,"{'P8205': ['zhu chen gyi lots+tsha ba ban de ye shes sde', 'ye shes sde/']}"
84,eft:danasila,Dānaśīla,"{'P8205': ['zhu chen gyi lots+tsha ba ban de ye shes sde', 'ye shes sde/']}"
85,eft:surendrabodhi,Surendra­bodhi,"{'P8228': ['rgya gar gyi mkhan po su ren dra bo d+hi', 'lha dbang byang chub', 'surendrabodhi'], 'P8205': ['zhu chen gyi lots+tsha ba ban de ye shes sde', 'ye shes sde/']}"
86,eft:yesh-d-,Yeshé Dé,"{'P8228': ['rgya gar gyi mkhan po su ren dra bo d+hi', 'lha dbang byang chub', 'surendrabodhi'], 'P8205': ['zhu chen gyi lots+tsha ba ban de ye shes sde', 'ye shes sde/']}"
87,eft:yesh-d-,Yeshé Dé,"{'P1KG8854': ['rgya gar gyi mkhan po shI len dra bo d+hi', 'shI len+dra bo d+hi/', 'śīlendrabodhi'], 'P8205': ['zhu chen gyi lo ts+tsha ba ban de ye shes sde', 'ye shes sde/']}"
88,eft:dipamkarasrijnana,Dīpaṃkaraśrījñāna,"{'P3379': ['rgya gar gyi mkhan po dI paM ka ra shrI dz+nyA na', 'a ti sha', 'dīpaṁkaraśrijñāna,atīśa'], 'P1242': [""lo ts+tsha ba dge slong dge ba'i blo gros"", ""dge ba'i blo gros/""]}"
89,eft:gewai-lodr-,Gewai Lodrö,"{'P3379': ['rgya gar gyi mkhan po dI paM ka ra shrI dz+nyA na', 'a ti sha', 'dīpaṁkaraśrijñāna,atīśa'], 'P1242': [""lo ts+tsha ba dge slong dge ba'i blo gros"", ""dge ba'i blo gros/""]}"
90,eft:yesh-d-,Yeshé Dé,"{'P2548': ['rgya gar gyi mkhan po pradz+nyA war ma', 'shes rab go cha/', 'prajñāvarman'], 'P8205': ['zhu chen gyi lo ts+tsha ba ban de ye shes sde', 'ye shes sde/']}"
91,eft:buddhaprabha,Buddhaprabha,"{'P8209': ['rgya gar gyi mkhan po dzi na mi tra', 'slob dpon dzi na mi tra/', 'jinamitra'], 'P3214': ['dA na shI la', 'dA na shI la/', 'dānaśīla'], 'P8268': ['bud d+ha pra b+ha'], 'P8205': ['zhu chen gyi lots+tsha ba ban+de ye shes sde', 'ye shes sde/']}"
92,eft:prajnavarma,prajnavarma,"{'P8209': ['rgya gar gyi mkhan po dzi na mi tra', 'slob dpon dzi na mi tra/', 'jinamitra'], nan: ['pradz+nyA bad+ma'], 'P8205': ['zhu chen gyi lo ts+tsha ba ban+de ye shes sde', 'ye shes sde/']}"
93,eft:danasila,Danasila,"{'P8209': ['rgya gar gyi mkhan po dzi na mi tra', 'slob dpon dzi na mi tra/', 'jinamitra'], 'P3214': ['dA na shI la', 'dA na shI la/', 'dānaśīla'], 'P8261': ['mu ne bar ma', 'munivarman'], 'P8205': ['zhu chen gyi lo ts+tsha ba ban+de ye shes sde', 'ye shes sde/']}"
94,eft:yesh-d-,Yeshé Dé,"{'P8209': ['rgya gar gyi mkhan po dzi na mi tra', 'slob dpon dzi na mi tra/', 'jinamitra'], 'P3214': ['dA na shI la', 'dA na shI la/', 'dānaśīla'], 'P8261': ['mu ne bar ma', 'munivarman'], 'P8205': ['zhu chen gyi lo ts+tsha ba ban+de ye shes sde', 'ye shes sde/']}"
95,eft:yesh-d-,Yeshé Dé,"{'P8228': ['rgya gar gyi mkhan po su ren+d+ra bo d+hi', 'lha dbang byang chub', 'surendrabodhi'], 'P8205': ['zhu chen gyi lo ts+tsha ba ban+de ye shes sde', 'ye shes sde/']}"
96,eft:jinamitra,jinamitra,"{'P8205': ['ban de ye shes sde', 'ye shes sde/'], 'P8269': ['yi ge pa dgon gling rma', 'dgon gling rma/']}"
97,eft:danasila,danasila,"{'P8205': ['ban de ye shes sde', 'ye shes sde/'], 'P8269': ['yi ge pa dgon gling rma', 'dgon gling rma/']}"
98,eft:yesh-d-,Yeshé Dé,"{'P8228': ['rgya gar gyi mkhan po su ren+d+ra bo d+hi', 'lha dbang byang chub', 'surendrabodhi'], 'P2548': ['pradz+nyA barma', 'shes rab go cha/', 'prajñāvarman'], 'P8205': ['zhu chen gyi lo ts+tsha ba ban+de ye shes sde', 'ye shes sde/']}"
99,eft:dharmapala,Dharmapāla,"{'P4CZ16819': ['rgya gar gyi mkhan po shAkya pra b+ha', ""shAkya 'od/"", ""shAkya 'od/"", 'śākyaprabha'], 'P0RK8': ['d+harma pA la', 'dpal ldan chos skyong /'], 'P8209': ['dzi na mi tra', 'slob dpon dzi na mi tra/', 'jinamitra'], 'P8266': ['zhu chen gyi lo tsA ba ban+de d+harma tA shI la', 'chos nyid tshul khrims', 'Dharmatāśīla']}"
100,eft:devendraraksita,Devendrarakṣita,"{'P4CZ16819': ['rgya gar gyi mkhan po shAkya pra b+ha', ""shAkya 'od/"", ""shAkya 'od/"", 'śākyaprabha'], 'P0RK8': ['d+harma pA la', 'dpal ldan chos skyong /'], 'P8209': ['dzi na mi tra', 'slob dpon dzi na mi tra/', 'jinamitra'], 'P8266': ['zhu chen gyi lo tsA ba ban+de d+harma tA shI la', 'chos nyid tshul khrims', 'Dharmatāśīla']}"
101,eft:kumararaksita,Kumārarakṣita,"{'P4CZ16819': ['rgya gar gyi mkhan po shAkya pra b+ha', ""shAkya 'od/"", ""shAkya 'od/"", 'śākyaprabha'], 'P0RK8': ['d+harma pA la', 'dpal ldan chos skyong /'], 'P8209': ['dzi na mi tra', 'slob dpon dzi na mi tra/', 'jinamitra'], 'P8266': ['zhu chen gyi lo tsA ba ban+de d+harma tA shI la', 'chos nyid tshul khrims', 'Dharmatāśīla']}"
102,eft:t-jnanagarbha,t. Jñānagarbha,"{'P8217': ['rgya gar gyi mkhan po dz+nyA na gar b+ha', 'dz+nyA na gar b+ha/', 'jñānagarbha ?'], 'P4255': ['lots+tsha ba ban+de ye shes snying po', 'ye shes snying po/'], 'P8182': ['zhus chen gyi lots+tsha ba ban+de dpal brtsegs', 'ka ba dpal brtsegs/']}"
103,eft:vidyakarasimha,Vidyākarasiṃha,"{'P8219': ['rgya gar gyi mkhan po bi shud+d+ha sing ha', 'bi shud+d+ha sing ha/', 'viśuddhasiṃha'], 'P4263': ['lots+tsha ba ban+de dge ba dpal', 'dge ba dpal'], 'P8220': ['zhu chen gyi lots+tsha ba ban+de de ba tsan dra', 'devacandra']}"
104,eft:silendrabodhi,Śīlendrabodhi,"{'P8228': ['rgya gar gyi mkhan po su ren dra bo d+hi', 'lha dbang byang chub', 'surendrabodhi'], 'P2548': ['pradz+nyA warma', 'shes rab go cha/', 'prajñāvarman'], 'P8205': ['zhu chen gyi lots+tsha ba ban+de ye shes sde', 'ye shes sde/']}"
105,eft:yesh-d-,Yeshé Dé,"{'P8209': ['rgya gar gyi mkhan po dzi na mi tra', 'slob dpon dzi na mi tra/', 'jinamitra'], 'P3214': ['dA na shI la', 'dA na shI la/', 'dānaśīla'], 'P8205': ['zhu chen gyi lots+tsha ba ban de ye shes sde', 'ye shes sde/']}"
106,eft:dharmatasila,Dharmatāśila,"{'P8266': ['zhu chen gyi lots+tsha ba ban de d+harma tA shI las zhus', 'chos nyid tshul khrims', 'Dharmatāśīla']}"
107,eft:ch-nyi-tsultrim,Chönyi Tsultrim,"{'P8266': ['lo ts+tsha ba ban de chos nyid tshul khrims', 'chos nyid tshul khrims', 'Dharmatāśīla']}"
108,eft:jnanasidhi,jnanasidhi,"{'P8209': ['rgya gar gyi mkhan po dzi na mi tra', 'slob dpon dzi na mi tra/', 'jinamitra'], 'P8222': ['dz+nyA na sid+d+hi', 'dz+nyA na sid+dhi/', 'jñānasiddhi'], 'P8205': ['zhu chen gyi lo ts+tsha ba ban de ye shes sde', 'ye shes sde/']}"
109,eft:yesh-d-,Yeshé Dé,"{'P2548': ['rgya gar gyi mkhan po pradz+nyA barma', 'shes rab go cha/', 'prajñāvarman'], 'P8205': ['zhu chen gyi lo ts+tsha ba ban de ye shes sde', 'ye shes sde/']}"
110,eft:yesh-d-,Yeshé Dé,"{'P8209': ['rgya gar gyi mkhan po dzi na mi tra', 'slob dpon dzi na mi tra/', 'jinamitra'], 'P2548': ['pradz+nyA warma', 'shes rab go cha/', 'prajñāvarman'], 'P8205': ['zhu chen gyi lo ts+tsha ba ban de ye shes sde', 'ye shes sde/']}"
111,eft:yesh-d-,Yeshé Dé,"{'P8217': ['rgya gar gyi mkhan po dz+nyA na gar+b+ha', 'dz+nyA na gar b+ha/', 'jñānagarbha ?'], 'P8205': ['zhu chen gyi lots+tsha ba ban de ye shes sde', 'ye shes sde/']}"
112,eft:unknown,Unknown,{}
113,eft:unknown,Unknown,{}
114,eft:unknown,Unknown,{}
115,eft:yesh-d-,Yeshé Dé,"{'P8228': ['rgya gar gyi mkhan po su ren dra bo d+hi', 'lha dbang byang chub', 'surendrabodhi'], 'P8205': ['zhu chen gyi lots+tsha ba ban de ye shes sde', 'ye shes sde/']}"
116,eft:band-yesh-d-,Bandé Yeshé Dé,"{'P8228': ['rgya gar gyi mkhan po su ren+d+ra bo d+hi', 'lha dbang byang chub', 'surendrabodhi'], 'P8205': ['zhu chen gyi lots+tsha ba ban de ye shes sde', 'ye shes sde/']}"
117,eft:yesh-d-,Yeshé Dé,"{'P8209': ['rgya gar gyi mkhan po dzi na mi tra', 'slob dpon dzi na mi tra/', 'jinamitra'], 'P2548': ['pradz+nyA barma', 'shes rab go cha/', 'prajñāvarman'], 'P8205': ['zhu chen gyi lo ts+tsha ba ban de ye shes sde', 'ye shes sde/']}"
118,eft:paltsek,Paltsek,"{'P00KG07267': ['rgya gar gyi mkhan po sarba dz+nya de ba', 'sarba dz+nyA de ba/', 'sarvajñādeva'], 'P8182': ['zhu chen gyi lo ts+tsha ba ban de dpal brtsegs', 'ka ba dpal brtsegs/']}"
119,eft:rinchen-tso,Rinchen Tso,"{'P8273': [""lo ts+tsha ba ban de rin chen 'tsho"", ""rin chen 'tsho/""], 'P8266': ['chos nyid tshul khrims', 'chos nyid tshul khrims', 'Dharmatāśīla']}"
120,eft:ch-nyi-tsultrim,Chönyi Tsultrim,"{'P8273': [""lo ts+tsha ba ban de rin chen 'tsho"", ""rin chen 'tsho/""], 'P8266': ['chos nyid tshul khrims', 'chos nyid tshul khrims', 'Dharmatāśīla']}"
121,eft:manjusrigarbha,Mañjuśrīgarbha,"{'P4CZ16780': ['rgya gar gyi mkhan po many+dzu shrI gar+b+ha', 'many+dzu shrI gar+b+ha/', 'majuśrīgarbha'], 'P8267': ['bi dza ya shI la'], 'P1KG8854': ['shI len dra bo d+hi', 'shI len+dra bo d+hi/', 'śīlendrabodhi'], 'P8205': ['zhu chen gyi lo ts+tsha ba ban de ye shes sde', 'ye shes sde/']}"
122,eft:vijayasila,Vijayaśīla,"{'P4CZ16780': ['rgya gar gyi mkhan po many+dzu shrI gar+b+ha', 'many+dzu shrI gar+b+ha/', 'majuśrīgarbha'], 'P8267': ['bi dza ya shI la'], 'P1KG8854': ['shI len dra bo d+hi', 'shI len+dra bo d+hi/', 'śīlendrabodhi'], 'P8205': ['zhu chen gyi lo ts+tsha ba ban de ye shes sde', 'ye shes sde/']}"
123,eft:rnam-par-mi-rtog-pa,rnam par mi rtog pa,"{'P0TMP080': [""rgya'i mkhan po hwa shang zab mo"", 'hwa shang zab mo'], nan: ['zhu chen gyi lo tsa ba ban de rnam par mi rtog']}"
124,eft:danasila,danasila,"{'P8209': ['rgya gar gyi mkhan po dzi na mi tra', 'slob dpon dzi na mi tra/', 'jinamitra'], 'P3214': ['da na shI la', 'dA na shI la/', 'dānaśīla'], 'P8261': ['mu ne bar ma', 'munivarman'], 'P8205': ['zhu chen gyi lo ts+tsha ba ban de ye shes sde', 'ye shes sde/']}"
125,eft:siladharma,siladharma,"{nan: [""rgya gar gyi d+harma rgya'i yi ge las ban de rnam par mi rtog""]}"
126,eft:rnam-par-mi-rtog-pa,rnam par mi rtog pa,"{nan: [""rgya gar gyi d+harma rgya'i yi ge las ban de rnam par mi rtog""]}"
127,eft:yesh-d-,Yeshé Dé,"{'P2548': ['rgya gar gyi mkhan po pradz+nyA bar ma', 'shes rab go cha/', 'prajñāvarman'], 'P8205': ['zhu chen gyi lo ts+tsha ba ban de ye shes sde', 'ye shes sde/']}"
128,eft:yesh-d-,Yeshé Dé,"{'P2548': ['rgya gar gyi mkhan po pradz+nyA bar ma', 'shes rab go cha/', 'prajñāvarman'], 'P8205': ['zhu chen gyi lots+tsha ba ban de ye shes sde', 'ye shes sde/']}"
129,eft:danasila,Danaśila,"{'P8209': ['rgya gar gyi mkhan po dzi na mi tra', 'slob dpon dzi na mi tra/', 'jinamitra'], 'P3214': ['dA na shI la', 'dA na shI la/', 'dānaśīla'], 'P8205': ['zhu chen gyi lots+tsha ba ban de ye shes sde', 'ye shes sde/']}"
130,eft:yesh-d-,Yeshé Dé,"{'P8209': ['rgya gar gyi mkhan po dzi na mi tra', 'slob dpon dzi na mi tra/', 'jinamitra'], 'P3214': ['dA na shI la', 'dA na shI la/', 'dānaśīla'], 'P8205': ['zhu chen gyi lots+tsha ba ban de ye shes sde', 'ye shes sde/']}"
131,eft:yesh-d-,Yeshé Dé,"{'P8228': ['rgya gar gyi mkhan po su ren dra bo d+hi', 'lha dbang byang chub', 'surendrabodhi'], 'P8205': ['zhu chen gyi lots+tsha ba ban de ye shes sde', 'ye shes sde/']}"
132,eft:th-nmi-sambhota,Thönmi Sambhoṭa,{}
133,eft:band-yesh-d-,Bandé Yeshé Dé,"{'P8209': ['rgya gar gyi mkhan po dzi na mi tra', 'slob dpon dzi na mi tra/', 'jinamitra'], 'P3214': ['dA na shI la', 'dA na shI la/', 'dānaśīla'], 'P8205': ['zhu chen gyi lots+tsha ba ban de ye shes sde', 'ye shes sde/']}"
134,eft:unknown,Unknown,{}
135,eft:tsultrim-gyaltsen,Tsultrim Gyaltsen,{}
136,eft:shang-buchikpa,Shang Buchikpa,{}
137,eft:sherap-,Sherap Ö,{}
138,eft:pandita-dharmakara,Paṇḍita Dharmākara,{}
139,eft:lotsawa-zangkyong-bzang-skyong-,Lotsāwa Zangkyong (bzang skyong),{}
140,eft:zhang-yesh-d-,Zhang Yeshé Dé,"{'P8228': ['rgya gar gyi mkhan po su ren dra bo d+hi', 'lha dbang byang chub', 'surendrabodhi'], 'P8205': ['zhu chen gyi lo ts+tsha ba ban de zhang ye shes sde', 'ye shes sde/']}"
141,eft:surendrabodhi,Surendrabodhi,{}
142,eft:yesh-d-,Yeshé Dé,{}
143,eft:unknown,unknown,{}
144,eft:dharmasribhadra,Dharmaśrībhadra,"{nan: ['rgya gar gyi mkhan po d+harmA shrI b+ha dra'], 'P4242': ['zhu chen gyi lots+tsha ba dge slong shes rab legs pa', 'shes rab legs pa/'], 'P753': ['sgra bsgyur gyi lots+tsha ba chen po dge slong rin chen bzang po', 'rin chen bzang po/']}"
145,eft:sherab-lekpa,Sherab Lekpa,"{nan: ['rgya gar gyi mkhan po d+harmA shrI b+ha dra'], 'P4242': ['zhu chen gyi lots+tsha ba dge slong shes rab legs pa', 'shes rab legs pa/'], 'P753': ['sgra bsgyur gyi lots+tsha ba chen po dge slong rin chen bzang po', 'rin chen bzang po/']}"
146,eft:rinchen-zangpo,Rinchen Zangpo,"{nan: ['rgya gar gyi mkhan po d+harmA shrI b+ha dra'], 'P4242': ['zhu chen gyi lots+tsha ba dge slong shes rab legs pa', 'shes rab legs pa/'], 'P753': ['sgra bsgyur gyi lots+tsha ba chen po dge slong rin chen bzang po', 'rin chen bzang po/']}"
147,eft:sakya-yesh-,Śākya Yeshé,"{'P8151': ['paN+Di ta ga ye d+ha ra', 'ga ya dha ra/', 'gayādhara'], 'P3285': ['lots+tsha ba dge slong shAkya ye shes', 'shAkya ye shes/']}"
148,eft:jinavara,Jinavara,"{nan: [""bod kyi lo ts+tsha ba chen po 'gos lhas btsas""]}"
149,eft:g-lhets-,Gö Lhetsé,"{nan: [""bod kyi lo ts+tsha ba chen po 'gos lhas btsas""]}"
150,eft:trakpa-gyaltsen,Trakpa Gyaltsen,"{'P4CZ10553': ['paN+Di ta rat+na shrI', 'rin chen dpal ye shes/', 'ratnaśrījñāna ?'], 'P2637': ['lo ts+tsha ba grags pa rgyal mtshan', 'grags pa rgyal mtshan/'], nan: [""dpal ldan sa skya'i gtsug lag khang chen po""]}"
151,eft:nyen-lotsawa-darma-drak,Nyen Lotsawa Darma Drak,{}
152,eft:phakpa-sherab,Phakpa Sherab,"{'P8206': [""kha che'i paN+Di ta tse lu"", 'celu-pa'], 'P3709': [""bod kyi lo ts+tsha ba 'phags pa shes rab"", 'phags pa shes rab/']}"
153,eft:band-yesh-d-,Bandé Yeshé Dé,"{'P8209': ['rgya gar gyi mkhan po dzi na mi tra', 'slob dpon dzi na mi tra/', 'jinamitra'], 'P3214': ['dA na shI la', 'dA na shI la/', 'dānaśīla'], 'P1KG8854': ['shi lan+d+ra bo d+hi', 'shI len+dra bo d+hi/', 'śīlendrabodhi'], 'P8205': ['zhu chen gyi lo ts+tsha ba ban+de ye shes sde', 'ye shes sde/']}"
154,eft:band-yesh-d-,Bandé Yeshé Dé,"{'P8209': ['rgya gar gyi mkhan po dzi na mi tra', 'slob dpon dzi na mi tra/', 'jinamitra'], 'P3214': ['dA na shI la', 'dA na shI la/', 'dānaśīla'], 'P8205': ['zhu chen gyi lots+tsha ba ban+de ye shes sde', 'ye shes sde/']}"
155,eft:band-yesh-d-,Bandé Yeshé Dé,"{'P8209': ['rgya gar gyi mkhan po dzi na mi tra', 'slob dpon dzi na mi tra/', 'jinamitra'], 'P3214': ['dA na shI la', 'dA na shI la/', 'dānaśīla'], 'P8205': ['zhu chen gyi lo ts+tsha ba ban de ye shes sde', 'ye shes sde/']}"
156,eft:band-yesh-d-,Bandé Yeshé Dé,"{'P8209': ['rgya gar gyi mkhan po dzi na mi tra', 'slob dpon dzi na mi tra/', 'jinamitra'], 'P3214': ['dA na shI la', 'dA na shI la/', 'dānaśīla'], 'P8205': ['zhu chen gyi lo ts+tsha ba ban de ye shes sde', 'ye shes sde/']}"
157,eft:band-yesh-d-,Bandé Yeshé Dé,"{'P8209': ['rgya gar gyi mkhan po dzi na mi tra', 'slob dpon dzi na mi tra/', 'jinamitra'], 'P3214': ['dA na shI la', 'dA na shI la/', 'dānaśīla'], 'P8205': ['zhu chen gyi lo ts+tsha ba ban de ye shes sde', 'ye shes sde/']}"
158,eft:kumarakalasa,Kumārakalaśa,"{'P4CZ15137': ['rgya gar gyi mkhan po dge bsnyen chen po ku mA ra ka la sha', 'gzhon nu bum pa/', 'kumārakalasa'], 'P8216': ['sgra sgyur gyi lots+tsha ba dge slong shAkya blo gros', 'shAkya blo gros/']}"
159,eft:sakya-lodr-,Śākya Lodrö,"{'P4CZ15137': ['rgya gar gyi mkhan po dge bsnyen chen po ku mA ra ka la sha', 'gzhon nu bum pa/', 'kumārakalasa'], 'P8216': ['sgra sgyur gyi lots+tsha ba dge slong shAkya blo gros', 'shAkya blo gros/']}"
160,eft:dipamkara-srijnana,Dīpaṃkara Śrījñāna,"{'P3379': ['rgya gar gyi mkhan po chen po dI paM ka ra shrIdz+nyA na', 'a ti sha', 'dīpaṁkaraśrijñāna,atīśa'], 'P1242': [""lots+tsha ba dge slong dge ba'i blo gros"", ""dge ba'i blo gros/""], 'P3456': ['dge slong tshul khrims rgyal ba', 'tshul khrims rgyal ba/']}"
161,eft:g-wai-lodr-,Géwai Lodrö,"{'P3379': ['rgya gar gyi mkhan po chen po dI paM ka ra shrIdz+nyA na', 'a ti sha', 'dīpaṁkaraśrijñāna,atīśa'], 'P1242': [""lots+tsha ba dge slong dge ba'i blo gros"", ""dge ba'i blo gros/""], 'P3456': ['dge slong tshul khrims rgyal ba', 'tshul khrims rgyal ba/']}"
162,eft:tsultrim-gyalwa,Tsultrim Gyalwa,"{'P3379': ['rgya gar gyi mkhan po chen po dI paM ka ra shrIdz+nyA na', 'a ti sha', 'dīpaṁkaraśrijñāna,atīśa'], 'P1242': [""lots+tsha ba dge slong dge ba'i blo gros"", ""dge ba'i blo gros/""], 'P3456': ['dge slong tshul khrims rgyal ba', 'tshul khrims rgyal ba/']}"
163,eft:band-yesh-d-,Bandé Yeshé Dé,"{'P1KG8854': ['rgya gar gyi mkhan po shI len+d+ra bo d+hi', 'shI len+dra bo d+hi/', 'śīlendrabodhi'], 'P8222': ['dz+nyA na sid+d+hi', 'dz+nyA na sid+dhi/', 'jñānasiddhi'], 'P4CZ16819': ['shAkya pra b+ha', ""shAkya 'od/"", ""shAkya 'od/"", 'śākyaprabha'], 'P8205': ['zhu chen gyi lo tsA ba ban+de ye shes sde', 'ye shes sde/'], 'P318': ['lo tsA ba gzhon nu dpal', 'gzhon nu dpal/']}"
164,eft:surendrabodhi,Surendrabodhi,"{'P1KG8854': ['rgya gar gyi mkhan po shI len+d+ra bo d+hi', 'shI len+dra bo d+hi/', 'śīlendrabodhi'], 'P8222': ['dz+nyA na sid+d+hi', 'dz+nyA na sid+dhi/', 'jñānasiddhi'], 'P4CZ16819': ['shAkya pra b+ha', ""shAkya 'od/"", ""shAkya 'od/"", 'śākyaprabha'], 'P8205': ['zhu chen gyi lo tsA ba ban+de ye shes sde', 'ye shes sde/'], 'P318': ['lo tsA ba gzhon nu dpal', 'gzhon nu dpal/']}"
165,eft:band-yesh-d-,Bandé Yeshé Dé,"{'P1KG8854': ['paN+Di ta shI len+d+ra bo d+hi', 'shI len+dra bo d+hi/', 'śīlendrabodhi'], 'P8222': ['dz+nyA na sid+d+hi', 'dz+nyA na sid+dhi/', 'jñānasiddhi'], 'P4CZ16819': ['shAkya pra b+ha ba', ""shAkya 'od/"", ""shAkya 'od/"", 'śākyaprabha'], 'P8205': ['zhu chen gyi lo tsA ba ban+de ye shes sde', 'ye shes sde/']}"
166,eft:band-yesh-de,Bandé Yeshé De,"{'P8209': ['rgya gar gyi mkhan po dzi na mi tra', 'slob dpon dzi na mi tra/', 'jinamitra'], 'P3214': ['dA na shI la', 'dA na shI la/', 'dānaśīla'], 'P8205': ['zhu chen gyi lots+tsha ba ban+de ye shes sde', 'ye shes sde/']}"
167,eft:buddhakaravarma,Buddhākaravarma,"{nan: ['rgya gar gyi mkhan po bud+d+ha A ka ra ba rma'], 'P3890': ['lo ts+tsha ba dge slong chos kyi shes rab', 'chos kyi shes rab/']}"
168,eft:ch-kyi-sherab,Chökyi Sherab,"{nan: ['rgya gar gyi mkhan po bud+d+ha A ka ra ba rma'], 'P3890': ['lo ts+tsha ba dge slong chos kyi shes rab', 'chos kyi shes rab/']}"
169,eft:vajrvisramitra,vajrvisramitra,{}
170,eft:vairocanaraksita,vairocanaraksita,{}
